num,gi,name,seq
0,109731493,>AAI14500.1 Tryptophan hydroxylase 2 [Homo sapiens],MQPAMMMFSSKYWARRGFSLDSAVPEEHQLLGSSTLNKPNSGKNDDKGNKGSNKREAATESGKTAVVFSLKNEVGGLVKALRLFQEKRVNMVHIESRKSRRRSSEVEIFVDCECGKTEFNELIQLLKFQTTIVTLNPPENIWTEEEELEDVPWFPRKISELDKCSHRVLMYGSELDADHPGFKDNVYRQRRKYFVDVAMGYKYGQPIPRVEYTEEETKTWGVVFRELSKLYPTHACREYLKNFPLLTKYCGYREDNVPQLEDVSMFLKERSGFTVRPVAGYLSPRDFLAGLAYRVFHCTQYIRHGSDPLYTPEPDTCHELLGHVPLLADPKFAQFSQEIGLASLGASDEDVQKLATCYFFTIEFGLCKQEGQLRAYGAGLLSSIGELKHALSDKACVKAFDPKTTCLQECLITTFQEAYFVSESFEEAKEKMRDFAKSITRPFSVYFNPYTQSIEILKDTRSIENVVQDLRSDLNTVCDALNKMNQYLGI
1,11133565,>sp|Q9NPJ1.1|MKKS_HUMAN RecName: Full=McKusick-Kaufman/Bardet-Biedl syndromes putative chaperonin; AltName: Full=Bardet-Biedl syndrome 6 protein,MSRLEAKKPSLCKSEPLTTERVRTTLSVLKRIVTSCYGPSGRLKQLHNGFGGYVCTTSQSSALLSHLLVTHPILKILTASIQNHVSSFSDCGLFTAILCCNLIENVQRLGLTPTTVIRLNKHLLSLCISYLKSETCGCRIPVDFSSTQILLCLVRSILTSKPACMLTRKETEHVSALILRAFLLTIPENAEGHIILGKSLIVPLKGQRVIDSTVLPGILIEMSEVQLMRLLPIKKSTALKVALFCTTLSGDTSDTGEGTVVVSYGVSLENAVLDQLLNLGRQLISDHVDLVLCQKVIHPSLKQFLNMHRIIAIDRIGVTLMEPLTKMTGTQPIGSLGSICPNSYGSVKDVCTAKFGSKHFFHLIPNEATICSLLLCNRNDTAWDELKLTCQTALHVLQLTLKEPWALLGGGCTETHLAAYIRHKTHNDPESILKDDECTQTELQLIAEAFCSALESVVGSLEHDGGEILTDMKYGHLWSVQADSPCVANWPDLLSQCGCGLYNSQEELNWSFLRSTRRPFVPQSCLPHEAVGSASNLTLDCLTAKLSGLQVAVETANLILDLSYVIEDKN
2,116242717,>sp|Q13563.3|PKD2_HUMAN RecName: Full=Polycystin-2; Short=PC2; AltName: Full=Autosomal dominant polycystic kidney disease type II protein; AltName: Full=Polycystic kidney disease 2 protein; AltName: Full=Polycystwin; AltName: Full=R48321; AltName: Full=Transient receptor potential cation channel subfamily P member 2,MVNSSRVQPQQPGDAKRPPAPRAPDPGRLMAGCAAVGASLAAPGGLCEQRGLEIEMQRIRQAAARDPPAGAAASPSPPLSSCSRQAWSRDNPGFEAEEEEEEVEGEEGGMVVEMDVEWRPGSRRSAASSAVSSVGARSRGLGGYHGAGHPSGRRRRREDQGPPCPSPVGGGDPLHRHLPLEGQPPRVAWAERLVRGLRGLWGTRLMEESSTNREKYLKSVLRELVTYLLFLIVLCILTYGMMSSNVYYYTRMMSQLFLDTPVSKTEKTNFKTLSSMEDFWKFTEGSLLDGLYWKMQPSNQTEADNRSFIFYENLLLGVPRIRQLRVRNGSCSIPQDLRDEIKECYDVYSVSSEDRAPFGPRNGTAWIYTSEKDLNGSSHWGIIATYSGAGYYLDLSRTREETAAQVASLKKNVWLDRGTRATFIDFSVYNANINLFCVVRLLVEFPATGGVIPSWQFQPLKLIRYVTTFDFFLAACEIIFCFFIFYYVVEEILEIRIHKLHYFRSFWNCLDVVIVVLSVVAIGINIYRTSNVEVLLQFLEDQNTFPNFEHLAYWQIQFNNIAAVTVFFVWIKLFKFINFNRTMSQLSTTMSRCAKDLFGFAIMFFIIFLAYAQLAYLVFGTQVDDFSTFQECIFTQFRIILGDINFAEIEEANRVLGPIYFTTFVFFMFFILLNMFLAIINDTYSEVKSDLAQQKAEMELSDLIRKGYHKALVKLKLKKNTVDDISESLRQGGGKLNFDELRQDLKGKGHTDAEIEAIFTKYDQDGDQELTEHEHQQMRDDLEKEREDLDLDHSSLPRPMSSRSFPRSLDDSEEDDDEDSGHSSRRRGSISSGVSYEEFQVLVRRVDRMEHSIGSIVSKIDAVIVKLEIMERAKLKRREVLGRLLDGVAEDERLGRDSEIHREQMERLVREELERWESDDAASQISHGLGTPVGLNGQPRPRSSRPSSSQSTEGMEGAGGNGSSNVHV
3,116666949,">pdb|2CY8|A Chain A, D-phenylglycine Aminotransferase",MSILNDYKRKTEGSVFWAQRARSVMPDGVTADTRAFDPHGLFISDAQGVHKTDVDGNVYLDFFGGHGALVLGHGHPRVNAAIAEALSHGVQYAASHPLEVRWAERIVAAFPSIRKLRFTGSGTETTLLALRVARAFTGRRMILRFEGHYHGWHDFSASGYNSHFDGQPAPGVLPETTANTLLIRPDDIEGMREVFANHGSDIAAFIAEPVGSHFGVTPVSDSFLREGAELARQYGALFILDEVISGFRVGNHGMQALLDVQPDLTCLAKASAGGLPGGILGGREDVMGVLSRGSDRKVLHQGTFTGNPITAAAAIAAIDTILEDDVCAKINDLGQFAREAMNHLFARKGLNWLAYGRFSGFHLMPGLPPNTTDTGSITRAEVARPDVKMIAAMRMALILEGVDIGGRGSVFLSAQHEREHVEHLVTTFDRVLDRLADENLLSWQGTNLSGNQS
4,117391,>sp|P12271.2|RLBP1_HUMAN RecName: Full=Retinaldehyde-binding protein 1; AltName: Full=Cellular retinaldehyde-binding protein,MSEGVGTFRMVPEEEQELRAQLEQLTTKDHGPVFGPCSQLPRHTLQKAKDELNEREETREEAVRELQEMVQAQAASGEELAVAVAERVQEKDSGFFLRFIRARKFNVGRAYELLRGYVNFRLQYPELFDSLSPEAVRCTIEAGYPGVLSSRDKYGRVVMLFNIENWQSQEITFDEILQAYCFILEKLLENEETQINGFCIIENFKGFTMQQAASLRTSDLRKMVDMLQDSFPARFKAIHFIHQPWYFTTTYNVVKPFLKSKLLERVFVHGDDLSGFYQEIDENILPSDFGGTLPKYDGKAVAEQLFGPQAQAENTAF
5,117544,>sp|P16480.1|CR4AA_BACTI RecName: Full=Pesticidal crystal protein Cry4Aa; AltName: Full=135 kDa crystal protein; AltName: Full=Crystaline entomocidal protoxin; AltName: Full=Insecticidal delta-endotoxin CryIVA(a),MNPYQNKNEYETLNASQKKLNISNNYTRYPIENSPKQLLQSTNYKDWLNMCQQNQQYGGDFETFIDSGELSAYTIVVGTVLTGFGFTTPLGLALIGFGTLIPVLFPAQDQSNTWSDFITQTKNIIKKEIASTYISNANKILNRSFNVISTYHNHLKTWENNPNPQNTQDVRTQIQLVHYHFQNVIPELVNSCPPNPSDCDYYNILVLSSYAQAANLHLTVLNQAVKFEAYLKNNRQFDYLEPLPTAIDYYPVLTKAIEDYTNYCVTTYKKGLNLIKTTPDSNLDGNINWNTYNTYRTKMTTAVLDLVALFPNYDVGKYPIGVQSELTREIYQVLNFEESPYKYYDFQYQEDSLTRRPHLFTWLDSLNFYEKAQTTPNNFFTSHYNMFHYTLDNISQKSSVFGNHNVTDKLKSLGLATNIYIFLLNVISLDNKYLNDYNNISKMDFFITNGTRLLEKELTAGSGQITYDVNKNIFGLPILKRRENQGNPTLFPTYDNYSHILSFIKSLSIPATYKTQVYTFAWTHSSVDPKNTIYTHLTTQIPAVKANSLGTASKVVQGPGHTGGDLIDFKDHFKITCQHSNFQQSYFIRIRYASNGSANTRAVINLSIPGVAELGMALNPTFSGTDYTNLKYKDFQYLEFSNEVKFAPNQNISLVFNRSDVYTNTTVLIDKIEFLPITRSIREDREKQKLETVQQIINTFYANPIKNTLQSELTDYDIDQAANLVECISEELYPKEKMLLLDEVKNAKQLSQSRNVLQNGDFESATLGWTTSDNITIQEDDPIFKGHYLHMSGARDIDGTIFPTYIFQKIDESKLKPYTRYLVRGFVGSSKDVELVVSRYGEEIDAIMNVPADLNYLYPSTFDCEGSNRCETSAVPANIGNTSDMLYSCQYDTGKKHVVCQDSHQFSFTIDTGALDTNENIGVWVMFKISSPDGYASLDNLEVIEEGPIDGEALSRVKHMEKKWNDQMEAKRSETQQAYDVAKQAIDALFTNVQDEALQFDTTLAQIQYAEYLVQSIPYVYNDWLSDVPGMNYDIYVELDARVAQARYLYDTRNIIKNGDFTQGVMGWHVTGNADVQQIDGVSVLVLSNWSAGVSQNVHLQHNHGYVLRVIAKKEGPGNGYVTLMDCEENQEKLTFTSCEEGYITKTVDVFPDTDRVRIEIGETEGSFYIESIELICMNE
6,118137700,">pdb|2F2V|A Chain A, Alpha-Spectrin Sh3 Domain A56g Mutant",MDETGKELVLALYDYQEKSPREVTMKKGDILTLLNSTNKDWWKVEVNDRQGFVPAGYVKKLD
7,121069,>sp|P04150.1|GCR_HUMAN RecName: Full=Glucocorticoid receptor; Short=GR; AltName: Full=Nuclear receptor subfamily 3 group C member 1,MDSKESLTPGREENPSSVLAQERGDVMDFYKTLRGGATVKVSASSPSLAVASQSDSKQRRLLVDFPKGSVSNAQQPDLSKAVSLSMGLYMGETETKVMGNDLGFPQQGQISLSSGETDLKLLEESIANLNRSTSVPENPKSSASTAVSAAPTEKEFPKTHSDVSSEQQHLKGQTGTNGGNVKLYTTDQSTFDILQDLEFSSGSPGKETNESPWRSDLLIDENCLLSPLAGEDDSFLLEGNSNEDCKPLILPDTKPKIKDNGDLVLSSPSNVTLPQVKTEKEDFIELCTPGVIKQEKLGTVYCQASFPGANIIGNKMSAISVHGVSTSGGQMYHYDMNTASLSQQQDQKPIFNVIPPIPVGSENWNRCQGSGDDNLTSLGTLNFPGRTVFSNGYSSPSMRPDVSSPPSSSSTATTGPPPKLCLVCSDEASGCHYGVLTCGSCKVFFKRAVEGQHNYLCAGRNDCIIDKIRRKNCPACRYRKCLQAGMNLEARKTKKKIKGIQQATTGVSQETSENPGNKTIVPATLPQLTPTLVSLLEVIEPEVLYAGYDSSVPDSTWRIMTTLNMLGGRQVIAAVKWAKAIPGFRNLHLDDQMTLLQYSWMFLMAFALGWRSYRQSSANLLCFAPDLIINEQRMTLPCMYDQCKHMLYVSSELHRLQVSYEEYLCMKTLLLLSSVPKDGLKSQELFDEIRMTYIKELGKAIVKREGNSSQNWQRFYQLTKLLDSMHEVVENLLNYCFQTFLDKTMSIEFPEMLAEIITNQIPKYSNGNIKKLLFHQK
8,1236048426,>BBA21872.1 ccdB [Gateway entry vector pDONR Zeo Thsp R3 NPTII R4 L2 ccdB L1 CSPS],MQFKVYTYKRESRYRLFVDVQSDIIDTPGRRMVIPLASARLLSDKVSRELYPVVHIGDESWRMMTTDMASVPVSVIGEEVADLSHRENDIKNAINLMFWGI
9,123845644,>sp|Q3KSS8.1|BZLF1_EBVG RecName: Full=Trans-activator protein BZLF1; Short=EB1; AltName: Full=Zebra,MMDPNSTSEDVKFTPDPYQVPFVQAFDQATRVYQDLGGPSQAPLPCVLWPVLPEPLPQGQLTAYHVSAAPTGSWFPAPQPAPENAYQAYAAPQLFPVSDITQNQLTNQAGGEAPQPGDNSTVQPAAAVVLACPGANQEQQLADIGAPQPAPAAAPARRTRKPLQPESLEECDSELEIKRYKNRVASRKCRAKFKHLLQHYREVASAKSSENDRLRLLLKQMCPSLDVDSIIPRTPDVLHEDLLNF
10,124831,>sp|P18286.1|IPNS_STRJU RecName: Full=Isopenicillin N synthase; Short=IPNS,MPILMPSAEVPTIDISPLSGDDAKAKQRVAQEINKAARGSGFFYASNHGVDVQLLQDVVNEFHRNMSDQEKHDLAINAYNKDNPHVRNGYYKAIKGKKAVESFCYLNPSFSDDHPMIKSETPMHEVNLWPDEEKHPRFRPFCEDYYRQLLRLSTVIMRGYALALGRREDFFDEALAEADTLSSVSLIRYPYLEEYPPVKTGADGTKLSFEDHLDVSMITVLYQTEVQNLQVETVDGWQDIPRSDEDFLVNCGTYMGHITHDYFPAPNHRVKFINAERLSLPFFLNAGHNSVIEPFVPEGAAGTVKNPTTSYGEYLQHGLRALIVKNGQT
11,127455,>sp|P05102.1|MTH1_HAEPH RecName: Full=Modification methylase HhaI; Short=M.HhaI; AltName: Full=Cytosine-specific methyltransferase HhaI,MIEIKDKQLTGLRFIDLFAGLGGFRLALESCGAECVYSNEWDKYAQEVYEMNFGEKPEGDITQVNEKTIPDHDILCAGFPCQAFSISGKQKGFEDSRGTLFFDIARIVREKKPKVVFMENVKNFASHDNGNTLEVVKNTMNELDYSFHAKVLNALDYGIPQKRERIYMICFRNDLNIQNFQFPKPFELNTFVKDLLLPDSEVEHLVIDRKDLVMTNQEIEQTTPKTVRLGIVGKGGQGERIYSTRGIAITLSAYGGGIFAKTGGYLVNGKTRKLHPRECARVMGYPDSYKVHPSTSQAYKQFGNSVVINVLQYIAYNIGSSLNFKPY
12,133854437,>ABO39216.1 betaB2-crystallin [Cavia porcellus],MASDHQTQAGKQQPLNPKIIIFEQENFQGHSHELNGPCPNLKETGVEKAGSVLVQAGPWVGYEQANCKGEQFVFEKGEYPRWDSWTSSRRTDSLSSLRPIKVDSQEHKIILYENPNFTGKKMEIIDDDVPSFHAHGYQEKVSSVRVQSGTWVGYQYPGYRGLQYLLEKGDYKDSSDFGAPHPQVQSVRRIRDMQWHQRGAFHPSS
13,1351170,>sp|P47897.1|SYQ_HUMAN RecName: Full=Glutamine--tRNA ligase; AltName: Full=Glutaminyl-tRNA synthetase; Short=GlnRS,MAALDSLSLFTSLGLSEQKARETLKNSALSAQLREAATQAQQTLGSTIDKATGILLYGLASRLRDTRRLSFLVSYIASKKIHTEPQLSAALEYVRSHPLDPIDTVDFERECGVGVIVTPEQIEEAVEAAINRHRPQLLVERYHFNMGLLMGEARAVLKWADGKMIKNEVDMQVLHLLGPKLEADLEKKFKVAKARLEETDRRTAKDVVENGETADQTLSLMEQLRGEALKFHKPGENYKTPGYVVTPHTMNLLKQHLEITGGQVRTRFPPEPNGILHIGHAKAINFNFGYAKANNGICFLRFDDTNPEKEEAKFFTAICDMVAWLGYTPYKVTYASDYFDQLYAWAVELIRRGLAYVCHQRGEELKGHNTLPSPWRDRPMEESLLLFEAMRKGKFSEGEATLRMKLVMEDGKMDPVAYRVKYTPHHRTGDKWCIYPTYDYTHCLCDSIEHITHSLCTKEFQARRSSYFWLCNALDVYCPVQWEYGRLNLHYAVVSKRKILQLVATGAVRDWDDPRLFTLTALRRRGFPPEAINNFCARVGVTVAQTTMEPHLLEACVRDVLNDTAPRAMAVLESLRVIITNFPAAKSLDIQVPNFPADETKGFHQVPFAPIVFIERTDFKEEPEPGFKRLAWGQPVGLRHTGYVIELQHVVKGPSGCVESLEVTCRRADAGEKPKAFIHWVSQPLMCEVRLYERLFQHKNPEDPTEVPGGFLSDLNLASLHVVDAALVDCSVALAKPFDKFQFERLGYFSVDPDSHQGKLVFNRTVTLKEDPGKV
14,13638467,>sp|P05798.2|RNSA_KITAU RecName: Full=Guanyl-specific ribonuclease Sa; Short=RNase Sa,DVSGTVCLSALPPEATDTLNLIASDGPFPYSQDGVVFQNRESVLPTQSYGYYHEYTVITPGARTRGTRRIITGEATQEDYYTGDHYATFSLIDQTC
15,136611,>sp|P04818.3|TYSY_HUMAN RecName: Full=Thymidylate synthase; Short=TS; Short=TSase,MPVAGSELPRRPLPPAAQERDAEPRPPHGELQYLGQIQHILRCGVRKDDRTGTGTLSVFGMQARYSLRDEFPLLTTKRVFWKGVLEELLWFIKGSTNAKELSSKGVKIWDANGSRDFLDSLGFSTREEGDLGPVYGFQWRHFGAEYRDMESDYSGQGVDQLQRVIDTIKTNPDDRRIIMCAWNPRDLPLMALPPCHALCQFYVVNSELSCQLYQRSGDMGLGVPFNIASYALLTYMIAHITGLKPGDFIHTLGDAHIYLNHIEPLKIQLQREPRPFPKLRILRKVEKIDDFKAEDFQIEGYNPHPTIKMEMAV
16,138387,>sp|P03672.1|G5P_BPPF3 RecName: Full=DNA-Binding protein G5P; Short=G5P; AltName: Full=Single-stranded DNA-binding protein,MNIQITFTDSVRQGTSAKGNPYTFQEGFLHLEDKPFPLQCQFFVESVIPAGSYQVPYRINVNNGRPELAFDFKAMKRA
17,145563,">AAA23592.1 colicin A, partial [Escherichia coli]",VAEKAKDERELLEKTSELIAGMGDKIGEHLGDKYKAIAKDIADNIKNFQGKTIRSFDDAMASLNKITANPAMKINKADRDALVNAWKHVDAQDMANKLGNLSKAFKVADVVMKVEKVREKSIEGYETGNWGPLMLEVESWVLSGIASSVALGIFSATLGAYALSLGVPAIAVGIAGILLAAVVGALIDDKFADALNNEIIRPAH
18,145565,>AAA66188.1 basic fibroblast growth factor [synthetic construct],MPALPEDGGSGAFPPGHFKDPKRLYCKNGGFFLRIHPDGRVDGVREKSDPHIKLQLQAEERGVVSIKGVCANRYLAMKEDGRLLASKCVTDECFFFERLESNNYNTYRSRKYSSWYVALKRTGQYKLGPKTGPGQKAILFLPMSAKS
19,1488364,">AAB35888.1 rhMIP-1 alpha, BB-10010=variant macrophage inflammatory protein-1 alpha [human, Peptide Mutagenesis, 69 aa]",SLAADTPTACCFSYTSRQIPQNFIAAYFETSSQCSKPGVIFLTKRSRQVCADPSEEWVQKYVSDLELSA
20,149211803,>ABR22240.1 pesticidal crystal protein [Bacillus thuringiensis],MNSGYPLANDLQGSMKNTNYKDWLAMCENNQQYGVNPAGINSSSVSTALKVAGAILKFVNPPAGTVLTVLSAVLPILWPTNTPTPERVWNDFMTNTGNLIDQTVTAYVRTDANAKMTVVKDYLDQYTTKFNTWKREPNNQSFRTAVITQFNLTSAKFRGTAVYFSNLVGYELLLLPIYAQVANFNLLLIRDGLINAQEGSLARSAGDQLYNTMVQYTKEYIAHSITWYNKGLDVLRNKSNGQWITFNDYKREMTIQVLDILAFFAGYDPRRYPADKIDNTKLSKTEFTREIYTALVESPSSKSIAALEAALTRDVHLFTWLKRVDFWTNTIYQDLRFLSANKIGFSYTNSSAMQESGIYGSWGFGSNLTHQIQLNSNVYKTSITDTSSPSNRVTKMDFYKIDGTLASYNSNITPTPEGLRTTFFGFSTNENTPNQPTVNDYTHILSYIKTDVIDYNSNRVSFAWTHKIVDPNNQLYTDAITQVPAVKSNFLNATAKVIKGPGHTGGDLVALTSNGTLSGRMEIQCKTSIFNDPTRSYGLRIRYAANSPIVLNVSYVLQGVSRGTTISTESTFSRPYNIIPTDLKYEEFRYKDPFDSIVPMRLSSNQLITIAIQPLNMTSNNQVIIDRIEIIPITQSVLGETENQNLESEREVVNALFTNDANDALNIGTTDYDIDQAANLVECISEELYPKEKMLLLDEVKNAKQLSQSRNVLQKGDFESATLGWTTSDNITIQEDDPIFKGHYLHMSGARDIDGTIFRTYIFQKIDESKLKPYTRYLLRGFVGSSKDVELVVSRYGEGIDAIMNVPADLNYLYPSTFGCEGSNRCETSAVPANIGNTSDMLFSCQYDTGKKHVVCQDSHQFSFTIDTGALDTNENIGFWVMFKISSPDGYASLDNLEVIEEGPIDGEALSRVKHMEKKWNDQMEAKRSETQQAYDVAKQAIDALFTNVQDEALQFDTTLAQIQYAEYLVQSIPYVYNGWLSDVPGMNYDIYVELDARVAQARYLYDTRNIIKNGDFTQGVRGWHVTGNADVQQIDGVSVLVLSNWSAGVSQNVHLQHNHGYVLRVIAKKEGPGNGYVTLMDCEENQEKLTFTSCEEGYITKTVDVFPDTDRVRIEIGETEGSFYIESIELICMNE
21,15146338,>AAK83653.1 11-beta hydroxysteroid dehydrogenase type 1 [Homo sapiens],MAFMKKYLLPILGLFMAYYYYSANEEFRPEMLQGKKVIVTGASKGIGREMAYHLAKMGAHVVVTARSKETLQKVVSHCLELGAASAHYIAGTMEDMTFAEQFVAQAGKLMGGLDMLILNHITNTSLNLFHDDIHHVRKSMEVNFLSYVVLTVAALPMLKQSNGSIVVVSSLAGKVAYPMVAAYSASKFALDGFFSSIRKEYSVSRVNVSITLCVLGLIDTETAMKAVSGIVHMQAAPKEECALEIIKGGALRQEEVYYDSSLWTTLLIRNPCRKILEFLYSTSYNMDRFINK
22,157830127,">pdb|1AX8|A Chain A, Obesity Protein",VPIQKVQDDTKTLIKTIVTRINDISHTQSVSSKQKVTGLDFIPGLHPILTLSKMDQTLAVYQQILTSMPSRNVIQISNDLENLRDLLHVLAFSKSCHLPEASGLETLDSLGGVLEASGYSTEVVALSRLQGSLQDMLWQLDLSPGC
23,157831412,">pdb|1I1B|A Chain A, INTERLEUKIN-1 BETA",APVRSLNCTLRDSQQKSLVMSGPYELKALHLQGQDMEQQVVFSMSFVQGEESNDKIPVALGLKEKNLYLSCVLKDDKPTLQLESVDPKNYPKKKMEKRFVFNKIEINNKLEFESAQFPNWYISTSQAENMPVFLGGTKGGQDITDFTMQFVSS
24,167056698,">EDR66461.1 adenylate cyclase, class IV [Yersinia pestis biovar Mediaevalis str. K1973002]",MSEHFVGKYEVELKFRVMDLTTLHEQLVAQKATAFTLNNHEKDIYLDANGQDLADQQISMVLREMNPSGIRLWIVKGPGAERCEASNIEDVSKVQSMLATLGYHPAFTIEKQRSIYFVGKFHITVDHLTGLGDFAEIAIMTDDATELDKLKAECRDFANTFGLQVDQQEPRSYRQLLGF
25,167370138,">ABZ79023.1 dihydrofolate reductase, partial [Plasmodium falciparum]",MMEQVCDVFDIYAICACCKVESKNEGKKNEVFNNYTFRGLGNKGVLPWKCNSLDMKYFCAVTTYVNESKYEKLKYKRCKYLNKETVDNVNDMPNSKKLQNVVVMGRTSWESIPKKFKPLSNRINVILSRTLKKEDFDEDVYIINKVEDLIVLLGKLNYYKCFILGGSVVYQEFLEKKLIKKIYFTRINSTYECDVFFPEINE
26,16751471,>BAB71782.1 DJ-1 [Homo sapiens],MASKRALVILAKGAEEMETVIPVDVMRRAGIKVTVAGLAGKDPVQCSRDVVICPDASLEDAKKEGPYDVVVLPGGNLGAQNLSESAAVKEILKEQENRKGLIAAICAGPTALLAHEIGCGSKVTTHPLAKDKMMNGGHYTYSENRVEKDGLILTSRGPGTSFEFALAIVEALNGKEVAAQVKAPLVLKD
27,1684918,>AAB64205.1 Bruton's tyrosine kinase [Homo sapiens],MAAVILESIFLKRSQQKKKTSPLNFKKRLFLLTVHKLSYYEYDFERGRRGSKKGSIDVEKITCVETVVPEKNPPPERQIPRRGEESSEMEQISIIERFPYPFQVVYDEGPLYVFSPTEELRKRWIHQLKNVIRYNSDLVQKYHPCFWIDGQYLCCSQTAKNAMGCQILENRNGSLKPGSSHRKTKKPLPPTPEEDQILKKPLPPEPAAAPVSTSELKKVVALYDYMPMNANDLQLRKGDEYFILEESNLPWWRARDKNGQEGYIPSNYVTEAEDSIEMYEWYSKHMTRSQAEQLLKQEGKEGGFIVRDSSKAGKYTVSVFAKSTGDPQGVIRHYVVCSTPQSQYYLAEKHLFSTIPELINYHQHNSAGLISRLKYPVSQQNKNAPSTAGLGYGSWEIDPKDLTFLKELGTGQFGVVKYGKWRGQYDVAIKMIKEGSMSEDEFIEEAKVMMNLSHEKLVQLYGVCTKQRPIFIITEYMANGCLLNYLREMRHRFQTQQLLEMCKDVCEAMEYLESKQFLHRDLAARNCLVNDQGVVKVSDFGLSRYVLDDEYTSSVGSKFPVRWSPPEVLMYSKFSSKSDIWAFGVLMWEIYSLGKMPYERFTNSETAEHIAQGLRLYRPHLASEKVYTIMYSCWHEKADERPTFKILLSNILDVMDEES
28,1708279,>sp|P52705.3|HNL_MANES RecName: Full=(S)-hydroxynitrile lyase; AltName: Full=(S)-acetone-cyanohydrin lyase; AltName: Full=Oxynitrilase,MVTAHFVLIHTICHGAWIWHKLKPALERAGHKVTALDMAASGIDPRQIEQINSFDEYSEPLLTFLEKLPQGEKVIIVGESCAGLNIAIAADRYVDKIAAGVFHNSLLPDTVHSPSYTVEKLLESFPDWRDTEYFTFTNITGETITTMKLGFVLLRENLFTKCTDGEYELAKMVMRKGSLFQNVLAQRPKFTEKGYGSIKKVYIWTDQDKIFLPDFQRWQIANYKPDKVYQVQGGDHKLQLTKTEEVAHILQEVADAYA
29,1732059,>AAC50899.1 gammaC-crystallin [Homo sapiens],MGKITFYEDRAFQGRSYETTTDCPNLQPYFSRCNSIRVESGCWMLYERPNYQGQQYLLRRGEYPDYQQWMGLSDSIRSCCLIPQTVSHRLRLYEREDHKGLMMELSEDCPSIQDRFHLSEIRSLHVLEGCWVLYELPNYRGRQYLLRPQEYRRCQDWGAMDAKAGSLRRVVDLY
30,1732063,>AAC50900.1 alphaA-crystallin [Homo sapiens],MDVTIQHPWFKRTLGPFYPSRLFDQFFGEGLFEYDLLPFLSSTISPYYRQSLFRTVLDSGISEVRSDRDKFVIFLDVKHFSPEDLTVKVQDDFVEIHGKHNERQDDHGYISREFHRRYRLPSNVDQSALSCSLSADGMLTFCGPKIQTGLDATHAERAIPVSREEKPTSAPSS
31,18160194,>AAL63565.1 nucleoside diphosphate kinase (ndk) [Pyrobaculum aerophilum str. IM2],MHAINIAFFALIMPVEKTLLILKPDAVARGLVGEIISRFEKAGLKIVALKMVKASPEEIERFYPSSEEWLRSAGQKLLKAYQELGIDPRAKIGTDDPVEVGRIIKRSLVKYMTSGPIVVMVLKGNRAVEIVRKLVGPTSPHSAPPGTIRGDYSIDSPDLAAEEGRVVFNLVHASDSPSEAEREIRFWFREEEVLE
32,18999453,">AAH24268.1 Apolipoprotein B mRNA editing enzyme, catalytic polypeptide-like 3G [Homo sapiens]",MKPHFRNTVERMYRDTFSYNFYNRPILSRRNTVWLCYEVKTKGPSRPPLDAKIFRGQVYSELKYHPEMRFFHWFSKWRKLHRDQEYEVTWYISWSPCTKCTRDMATFLAEDPKVTLTIFVARLYYFWDPDYQEALRSLCQKRDGPRATMKIMNYDEFQHCWSKFVYSQRELFEPWNNLPKYYILLHIMLGEILRHSMDPPTFTFNFNNEPWVRGRHETYLCYEVERMHNDTWVLLNQRRGFLCNQAPHKHGFLEGRHAELCFLDVIPFWKLDLDQDYRVTCFTSWSPCFSCAQEMAKFISKNKHVSLCIFTARIYDDQGRCQEGLRTLAEAGAKISIMTYSEFKHCWDTFVDHQGCPFQPWDGLDEHSQDLSGRLRAILQNQEN
33,190610225,>ACE79748.1 levoglucosan kinase [Lipomyces starkeyi],MPIATSTGDNVLDFTVLGLNSGTSMDGIDCALCHFYQKTPDAPMEFELLEYGEVPLAQPIKQRVMRMILEDTTSPSELSEVNVILGEHFADAVRQFAAERNVDLSTIDAIASHGQTIWLLSMPEEGQVKSALTMAEGAILASRTGITSITDFRISDQAAGRQGAPLIAFFDALLLHHPTKLRACQNIGGIANVCFIPPDVDGRRTDEYYDFDTGPGNVFIDAVVRHFTNGEQEYDKDGAMGKRGKVDQELVDDFLKMPYFQLDPPKTTGREVFRDTLAHDLIRRAEAKGLSPDDIVATTTRITAQAIVDHYRRYAPSQEIDEIFMCGGGAYNPNIVEFIQQSYPNTKIMMLDEAGVPAGAKEAITFAWQGMEALVGRSIPVPTRVETRQHYVLGKVSPGLNYRSVMKKGMAFGGDAQQLPWVSEMIVKKKGKVITNNWA
34,190907858,>EDV67451.1 transketolase [Escherichia coli F11],MSSRKELANAIRALSMDAVQKAKSGHPGAPMGMADIAEVLWRDFLKHNPQNPSWADRDRFVLSNGHGSMLIYSLLHLTGYDLPMEELKNFRQLHSKTPGHPEVGYTAGVETTTGPLGQGIANAVGMAIAEKTLAAQFNRPGHDIVDHYTYAFMGDGCMMEGISHEVCSLAGTLKLGKLIAFYDDNGISIDGHVEGWFTDDTAMRFEAYGWHVIRDIDGHDAASIKRAVEEARAVTDKPSLLMCKTIIGFGSPNKAGTHDSHGAPLGDAEIALTREQLGWKYAPFEIPSEIYAQWDAKEAGQAKESAWNEKFAAYAKAYPQEAAEFTRRMKGEMPSDFDAKAKEFIAKLQANPAKIASRKASQNAIEAFGPLLPEFLGGSADLAPSNLTLWSGSKAINEDAAGNYIHYGVREFGMTAIANGISLHGGFLPYTSTFLMFVEYARNAVRMAALMKQRQVMVYTHDSIGLGEDGPTHQPVEQIASLRVTPNMSTWRPCDQVESAVAWKYGVERQDGPTALILSRQNLAQQERTEEQLANIARGGYVLKDCAGQPELIFIATGSEVELAVAAYEKLTAEGVKARVVSMPSTDAFDKQDAAYRESVLPKAVTARVAVEAGIADYWYKYVGLNGAIVGMTTFGESAPAEQLFEEFGFTVDNVVAKAKALL
35,20150589,">pdb|1JY7|S Chain S, Hemoglobin Beta Chain",VHLTPEEKSAVTALWGKVNVDEVGGEALGRLLVVYPWTQRFFESFGDLSTPDAVMGNPKVKAHGKKVLGAFSDGLAHLDNLKGTFATLSELHCDKLHVDPENFRLLGNVLVCVLAHHFGKEFTPPVQAAYQKVVAGVANALAHKYH
36,213133708,>ACJ43253.1 TEM-1 beta-lactamase (plasmid) [Escherichia coli],MSIQHFRVALIPFFAAFCLPVFAHPETLVKVKDAEDQLGARVGYIELDLNSGKILESFRPEERFPMMSTFKVLLCGAVLSRVDAGQEQLGRRIHYSQNDLVEYSPVTEKHLTDGMTVRELCSAAITMSDNTAANLLLTTIGGPKELTAFLHNMGDHVTRLDRWEPELNEAIPNDERDTTMPAAMATTLRKLLTGELLTLASRQQLIDWMEADKVAGPLLRSALPAGWFIADKSGAGERGSRGIIAALGPDGKPSRIVVIYTTGSQATMDERNRQIAEIGASLIKHW
37,21340185,">AAM49066.1 streptavidin, partial [synthetic construct]",DPSKDSKAQVSAAEAGITGTWYNQLGSTFIVTAGADGALTGTYESAVGNAESRYVLTGRYDSAPATDGSGTALGWTVAWKNNYRNAHSATTWSGQYVGGAEARINTQWLLTSGTTEANAWKSTLVGHDTFTKVKPSAASIDAAKKAGVNNGNPLDAVQQ
38,21702248,>CAD37938.1 SfaX protein [Escherichia coli],MNNTDTLEKIIRHQKNKDPVYPFREHLLMQLCIRANKRMQDNISEFLGAYGINHSVYMVLTTLFTAESHCLSPSEISQKLQFTRTNITRITDFLEKTGYVKRTDSREDRRAKKISLTSEGMFFIQRLTLAQSMYLKEIWGYLTHDEQELFEVINKKLLAHLDDVSS
39,21735485,>NP_663729.1 ATP synthase mitochondrial F1 complex assembly factor 2 [Homo sapiens],MWRSCLRLRDGGRRLLNRPAGGPSASMSPGPTIPSPARAYAPPTERKRFYQNVSITQGEGGFEINLDHRKLKTPQAKLFTVPSEALAIAVATEWDSQQDTIKYYTMHLTTLCNTSLDNPTQRNKDQLIRAAVKFLDTDTICYRVEEPETLVELQRNEWDPIIEWAEKRYGVEISSSTSIMGPSIPAKTREVLVSHLASYNTWALQGIEFVAAQLKSMVLTLGLIDLRLTVEQAVLLSRLEEEYQIQKWGNIEWAHDYELQELRARTAAGTLFIHLCSESTTVKHKLLKE
40,2506127,>sp|P36544.5|ACHA7_HUMAN RecName: Full=Neuronal acetylcholine receptor subunit alpha-7; Flags: Precursor,MRCSPGGVWLALAASLLHVSLQGEFQRKLYKELVKNYNPLERPVANDSQPLTVYFSLSLLQIMDVDEKNQVLTTNIWLQMSWTDHYLQWNVSEYPGVKTVRFPDGQIWKPDILLYNSADERFDATFHTNVLVNSSGHCQYLPPGIFKSSCYIDVRWFPFDVQHCKLKFGSWSYGGWSLDLQMQEADISGYIPNGEWDLVGIPGKRSERFYECCKEPYPDVTFTVTMRRRTLYYGLNLLIPCVLISALALLVFLLPADSGEKISLGITVLLSLTVFMLLVAEIMPATSDSVPLIAQYFASTMIIVGLSVVVTVIVLQYHHHDPDGGKMPKWTRVILLNWCAWFLRMKRPGEDKVRPACQHKQRRCSLASVEMSAVAPPPASNGNLLYIGFRGLDGVHCVPTPDSGVVCGRMACSPTHDEHLLHGGQPPEGDPDLAKILEEVRYIANRFRCQDESEAVCSEWKFAACVVDRLCLMAFSVFTIICTIGILMSAPNFVEAVSKDFA
41,2506321,>sp|P07320.3|CRGD_HUMAN RecName: Full=Gamma-crystallin D; AltName: Full=Gamma-D-crystallin; AltName: Full=Gamma-crystallin 4,MGKITLYEDRGFQGRHYECSSDHPNLQPYLSRCNSARVDSGCWMLYEQPNYSGLQYFLRRGDYADHQQWMGLSDSVRSCRLIPHSGSHRIRLYEREDYRGQMIEFTEDCSCLQDRFRFNEIHSLNVLEGSWVLYELSNYRGRQYLLMPGDYRRYQDWGATNARVGSLRRVIDFS
42,2668592,>AAB91371.1 Notch3 [Homo sapiens],MGPGARGRRRRRRPMSPPPPPPPVRALPLLLLLAGPGAAAPPCLDGSPCANGGRCTQLPSREAACLCPPGWVGERCQLEDPCHSGPCAGRGVCQSSVVAGTARFSCRCPRGFRGPDCSLPDPCLSSPCAHGARCSVGPDGRFLCSCPPGYQGRSCRSDVDECRVGEPCRHGGTCLNTPGSFRCQCPAGYTGPLCENPAVPCAPSPCRNGGTCRQSGDLTYDCACLPGFEGQNCEVNVDDCPGHRCLNGGTCVDGVNTYNCQCPPEWTGQFCTEDVDECQLQPNACHNGGTCFNTLGGHSCVCVNGWTGESCSQNIDDCATAVCFHGATCHDRVASFYCACPMGKTGLLCHLDDACVSNPCHEDAICDTNPVNGRAICTCPPGFTGGACDQDVDECSIGANPCEHLGRCVNTQGSFLCQCGRGYTGPRCETDVNECLSGPCRNQATCLDRIGQFTCICMAGFTGTYCEVDIDECQSSPCVNGGVCKDRVNGFSCTCPSGFSGSTCQLDVDECASTPCRNGAKCVDQPDGYECRCAEGFEGTLCDRNVDDCSPDPCHHGRCVDGIASFSCACAPGYTGTRCESQVDECRSQPCRHGGKCLDLVDKYLCRCPSGTTGVNCEVNIDDCASNPCTFGVCRDGINRYDCVCQPGFTGPLCNVEINECASSPCGEGGSCVDGENGFRCLCPPGSLPPLCLPPSHPCAHEPCSHGICYDAPGGFRCVCEPGWSGPRCSQSLARDACESQPCRAGGTCSSDGMGFHCTCPPGVQGRQCELLSPCTPNPCEHGGRCESAPGQLPVCSCPQGWQGPRCQQDVDECAGPAPCGPHGICTNLAGSFSCTCHGGYTGPSCDQDINDCDPNPCLNGGSCQDGVGSFSCSCLPGFAGPRCARDVDECLSNPCGPGTCTDHVASFTCTCPPGYGGFHCEQDLPDCSPSSCFNGGTCVDGVNSFSCLCRPGYTGAHCQHEADPCLSRPCLHGGVCSAAHPGFRCTCLESFTGPQCQTLVDWCSRQPCQNGGRCVQTGAYCLCPPGWSGRLCDIRSLPCREAAAQIGVRLEQLCQAGGQCVDEDSSHYCVCPEGRTGSHCEQEVDPCLAQPCQHGGTCRGYMGGYMCECLPGYNGDNCEDDVDECASQPCQHGGSCIDLVARYLCSCPPGTLGVLCEINEDDCGPGPPLDSGPRCLHNGTCVDLVGGFRCTCPPGYTGLRCEADINECRSGACHAAHTRDCLQDPGGGFRCLCHAGFSGPRCQTVLSPCESQPCQHGGQCRPSPGPGGGLTFTCHCAQPFWGPRCERVARSCRELQCPVGVPCQQTPRGPRCACPPGLSGPSCRSFPGSPPGASNASCAAAPCLHGGSCRPAPLAPFFRCACAQGWTGPRCEAPAAAPEVSEEPRCPRAACQAKRGDQRCDRECNSPGCGWDGGDCSLSVGDPWRQCEALQCWRLFNNSRCDPACSSPACLYDNFDCHAGGRERTCNPVYEKYCADHFADGRCDQGCNTEECGWDGLDCASEVPALLARGVLVLTVLLPPEELLRSSADFLQRLSAILRTSLRFRLDAHGQAMVFPYHRPSPGSEPRARRELAPEVIGSVVMLEIDNRLCLQSPENDHCFPDAQSAADYLGALSAVERLDFPYPLRDVRGEPLEPPEPSVPLLPLLVAGAVLLLVILVLGVMVARRKREHSTLWFPEGFSLHKDVASGHKGRREPVGQDALGMKNMAKGESLMGEVATDWMDTECPEAKRLKVEEPGMGAEEAVDCRQWTQHHLVAADIRVAPAMALTPPQGDADADGMDVNVRGPDGFTPLMLASFCGGALEPMPTEEDEADDTSASIISDLICQGAQLGARTDRTGETALHLAARYARADAAKRLLDAGADTNAQDHSGRTPLHTAVTADAQGVFQILIRNRSTDLDARMADGSTALILAARLAVEGMVEELIASHADVNAVDELGKSALHWAAAVNNVEATLALLKNGANKDMQDSKEETPLFLAAREGSYEAAKLLLDHFANREITDHLDRLPRDVAQERLHQDIVRLLDQPSGPRSPPGPHGLGPLLCPPGAFLPGLKAAQSGSKKSRRPPGKAGLGPQGPRGRGKKLTLACPGPLADSSVTLSPVDSLDSPRPFGGPPASPGGFPLEGPYAAATATAVSLAQLGGPGRAGLGRQPPGGCVLSLGLLNPVAVPLDWARLPPPAPPGPSFLLPLAPGPQLLNPGTPVSPQERPPPYLAVPGHGEEYPVAGAHSSPPKARFLRVPSEHPYLTPSPESPEHWASPSPPSLSDWSESTPSPATATGAMATTTGALPAQPLPLSVPSSLAQAQTQLGPQPEVTPKRQVLA
43,288562947,">pdb|3G4O|B Chain B, Aerolysin",AEPVYPDQLRLFSLGQGVCGDKYRPVNREEAQSVKSNIVGMMGQWQISGLANGWVIMGPGYNGEIKPGTASNTWCYPTNPVTGEIPTLSALDIPDGDEVDVQWRLVHDSANFIKPTSYLAHYLGYAWVGGNNSQYVGEDMDVTRDGDGWVIRGNNDGGCDGYRCGDKTAIKVSNFAYNLDPDSFKHGDVTQSDRQLVKTVVGWAVNDSDTPQSGYDVTLRYDTATNWSKTNTYGLSEKVTTKNKFKWPLVGETELSIEIAANQSWASQNGGSTTTSLSQSVRPTVPARSKIPVKIELYKADISYPYEFKADVSYDLTLSGFLRWGGNAWYTHPDNRPNWNHTFVIGPYKDKASSIRYQWDKRYIPGEVKWWDWNWTIQQNGLSTMQNNLARVLRPVRAGITGDFSAESQFAGNIEIGAPVPLAADSKVRRARSVDGAGQGLRLEIPLDAQELSGLGFNNVSLSVTPAANQ
44,28948476,">pdb|1LAX|C Chain C, Maltose-binding Protein Mutant Male31",KIEEGKLVIWINGDKGYNGLAEVGKKFEKDTDPKVTVEHPDKLEEKFPQVAATGDGPDIIFWAHDRFGGYAQSGLLAEITPDKAFQDKLYPFTWDAVRYNGKLIAYPIAVEALSLIYNKDLLPNPPKTWEEIPALDKELKAKGKSALMFNLQEPYFTWPLIAADGGYAFKYENGKYDIKDVGVDNAGAKAGLTFLVDLIKNKHMNADTDYSIAEAAFNKGETAMTINGPWAWSNIDTSKVNYGVTVLPTFKGQPSKPFVGVLSAGINAASPNKELAKEFLENYLLTDEGLEAVNKDKPLGAVALKSYEEELAKDPRIAATMENAQKGEIMPNIPQMSAFWYAVRTAVINAASGRQTVDEALKDAQTRITK
45,290771056,>CAY80605.2 Atp12p [Saccharomyces cerevisiae EC1118],MLPSLRKGCFIVNSIRLKLPRFYSLNAQPLGTDNTIENNTPTETNRLSKTSQKFWEKVSLNRDVEKGKIALQLDGRTIKTPLGNGIIVDNAKSLLAYLLKLEWSSLSSLSIKTHSLPLTSLVARCIDLQMTNEPGCDPQLVAKIGGNSDVIKNQLLRYLDTDTLLVFSPMNEFEGRLRNAQNELYIPIIKGMEEFLRNFSSESNIRLQILDADIHGLRGNQQSDIVKSAAKKYMSSLSPWDLAILEKTVLTTKSFICGVLLLENKKDTANLIPALKTDMDNIVRAATLETIFQVEKWGEVEDTHDVDKRDIRRKIHTAAIAAFKQ
46,299464,>AAB26144.1 matrix protein [Measles morbillivirus],MTEIYDFDKSAWDIKGSIAPIQPTTYSDGRLVPQVRVIDPGLGDRKDECFMYMSLLGVVEDSDPLGPPIGRAFGSLPLGVGRSTAKPEKLLKEATELDIVVRRTAGLNEKLVFYNNTPLTLLTPWRKVLTTGSVFNANQVCNAVNLIPLDTPQRFRVVYMSITRLSDNGYYTVPRRMLEFRSVNAVAFNLLVTLRIDKAIGPGKIIDNTEQLPEATFMVHIGNFRRKKSEVYSADYCKMKIEKMGLVFALGGIGGTSLHIRSTGKMSKTLHAQLGFKKTLCYPLMDINEDLNRLLWRSRCKIVRIQAVLQPSVPQEFRIYDDVIINDDQGLFKVL
47,315113433,">pdb|3MZS|D Chain D, Crystal Structure Of Cytochrome P450 Cyp11a1 In Complex With 22- Hydroxy-Cholesterol",MASTKTPRPYSEIPSPGDNGWLNLYHFWREKGSQRIHFRHIENFQKYGPIYREKLGNLESVYIIHPEDVAHLFKFEGSYPERYDIPPWLAYHRYYQKPIGVLFKKSGTWKKDRVVLNTEVMAPEAIKNFIPLLNPVSQDFVSLLHKRIKQQGSGKFVGDIKEDLFHFAFESITNVMFGERLGMLEETVNPEAQKFIDAVYKMFHTSVPLLNVPPELYRLFRTKTWRDHVAAWDTIFNKAEKYTEIFYQDLRRKTEFRNYPGILYCLLKSEKMLLEDVKANITEMLAGGVNTTSMTLQWHLYEMARSLNVQEMLREEVLNARRQAEGDISKMLQMVPLLKASIKETLRLHPISVTLQRYPESDLVLQDYLIPAKTLVQVAIYAMGRDPAFFSSPDKFDPTRWLSKDKDLIHFRNLGFGWGVRQCVGRRIAELEMTLFLIHILENFKVEMQHIGDVDTIFNLILTPDKPIFLVFRPFNQDPPQAHHHH
48,317373290,>sp|P18887.2|XRCC1_HUMAN RecName: Full=DNA repair protein XRCC1; AltName: Full=X-ray repair cross-complementing protein 1,MPEIRLRHVVSCSSQDSTHCAENLLKADTYRKWRAAKAGEKTISVVLQLEKEEQIHSVDIGNDGSAFVEVLVGSSAGGAGEQDYEVLLVTSSFMSPSESRSGSNPNRVRMFGPDKLVRAAAEKRWDRVKIVCSQPYSKDSPFGLSFVRFHSPPDKDEAEAPSQKVTVTKLGQFRVKEEDESANSLRPGALFFSRINKTSPVTASDPAGPSYAAATLQASSAASSASPVSRAIGSTSKPQESPKGKRKLDLNQEEKKTPSKPPAQLSPSVPKRPKLPAPTRTPATAPVPARAQGAVTGKPRGEGTEPRRPRAGPEELGKILQGVVVVLSGFQNPFRSELRDKALELGAKYRPDWTRDSTHLICAFANTPKYSQVLGLGGRIVRKEWVLDCHRMRRRLPSRRYLMAGPGSSSEEDEASHSGGSGDEAPKLPQKQPQTKTKPTQAAGPSSPQKPPTPEETKAASPVLQEDIDIEGVQSEGQDNGAEDSGDTEDELRRVAEQKEHRLPPGQEENGEDPYAGSTDENTDSEEHQEPPDLPVPELPDFFQGKHFFLYGEFPGDERRKLIRYVTAFNGELEDNMSDRVQFVITAQEWDPSFEEALMDNPSLAFVRPRWIYSCNEKQKLLPHQLYGVVPQA
49,325534072,">pdb|3QQD|A Chain A, Human Sod1 H80r Variant, P212121 Crystal Form",XATKAVCVLKGDGPVQGIINFEQKESNGPVKVWGSIKGLTEGLHGFHVHEFGDNTAGCTSAGPHFNPLSRKHGGPKDEERRVGDLGNVTADKDGVADVSIEDSVISLSGDHXIIGRTLVVHEKADDLGKGGNEESTKTGNAGSRLACGVIGIAQ
50,326936885,">AEA11266.1 integrase, partial [Human immunodeficiency virus 1]",FLDGIDKAQEEHEKYHSNWRAMASDFNLPPVVAKEIVASCDKCQLKGEAMHGQVDCSPGIWQLDCTHLEGKVILVAVHVASGYIEAEVIPAETGQETAYFLLKLAGRWPVKTVHTDNGSNFTSTTVKAACWWAGIKQEFGIPYNPQSQGVIESMNKELKKIIGQVRDQAEHLKTAVQMAVFIHNFKRKGGIGGYSAGERIVDIIATDIQTKELQKQITKIQNFRVYYRDSRDPVWKGPAKLLWKGEGAVVIQDNSDIKVVPRRKAKIIRDYGKQMAGDDCVASRQDED
51,341920723,>EGT70329.1 mutY [Escherichia coli O104:H4 str. C227-11],MQASQFSAQVLDWYDKYGRKTLPWQIDKTPYKVWLSEVMLQQTQVATVIPYFERFMARFPTVTDLANAPLDEVLHLWTGLGYYARARNLHKAAQQVATLHGGKFPETFEEVAALPGVGRSTAGAILSLSLGKHFPILDGNVKRVLARCYAVSGWPGKKEVENKLWSLSEQVTPAVGVERFNQAMMDLGAMICTRSKPKCSLCPLQNGCIAAANNSWSLYPGKKPKQTLPERTGYFLLLQHEDEVLLAQRPPSGLWGGLYCFPQFADEESLRHWLAQRQIAADNLTQLTAFRHTFSHFHLDIVPMWLPVSSFTGCMDEGNALWYNLAQPPSVGLAAPVERLLQQLRTGAPV
52,364505958,">pdb|3PG0|A Chain A, ThreeFoil",GSSHHHHHHHHHHSSGLVPRGSHMGDGYYKLVARHSGKALDVENASTSDGANVIQYSYSGGDNQQWRLVDLGDGYYKLVARHSGKALDVENASTSDGANVIQYSYSGGDNQQWRLVDLGDGYYKLVARHSGKALDVENASTSDGANVIQYSYSGGDNQQWRLVDL
53,374673535,>BAL51426.1 xylose isomerase [Lactococcus lactis subsp. lactis IO-1],MAYFNDIAPIKYEGTKTKNMFAFRHYNPEEVVAGKTMEEQLHFALAFWHTITMDGSDPFGGATMERPWDLEGGSELDRAHRRVDAFFEIAEKLGVKYYCFHDIDIAPTGNSLKEFYANLDEITDHLLEKQKATGIKLLWNTANMFSNPRYMNGVSTSNRAEVFAYGAAQVKKGLELSKKLGGENYVFWGGREGYESLLNTDMGLEMDHMAKFFHLAIDYAKSINHLPIFLIEPKPKEPMTHQYDFDSATALAFLQKYDLDKYFKLNLETNHAWLAGHTFEHELNTARTFNALGSIDANQGNYLLGWDTDEFPTLVIDITLAMHQILLNGGLGKGGINFDAKVRRTSFKAEDLILAHIAGMDTYARALKGAAAIIEDKFLSDIVDERYSSYKNTEVGQSIENGTATFKSLAAFALEHGDDIELDSNHLEYIKSVLNDYLV
54,400416,>CAA52882.1 Keratin 8 [Homo sapiens],MSIRVTQKSYKVSTSGPRAFSSRSYTSGPGSRISSSSFSRVGSSNFRGGLGGGYGGASGMGGITAVTVNQSLLSPLVLEVDPNIQAVRTQEKEQIKTLNNKFASFIDKVRFLEQQNKMLETKWSLLQQQKTARSNMDNMFESYINNLRRQLETLGQEKLKLEAELGNMQGLVEDFKNKYEDEINKRTEMENEFVLIKKDVDEAYMNKVELESRLEGLTDEINFLRQLYEEEIRELQSQISDTSVVLSMDNSRSLDMDSIIAEVKAQYEDIANRSRAEAESMYQIKYEELQSLAGKHGDDLRRTKTEISEMNRNISRLQAEIEGLKGQRASLEAAIADAEQRGELAIKDANAKLSELEAALQRAKQDMARQLREYQELMNVKLALDIEIATYRKLLEGEESRLESGMQNMSIHTKTTSGYAGGLSSAYGGLTSPGLSYSLGSSFGSGAGSSSFSRTSSSRAVVVKKIETRDGKLVSESSDVLPK
55,4033707,">sp|P31327.2|CPSM_HUMAN RecName: Full=Carbamoyl-phosphate synthase [ammonia], mitochondrial; AltName: Full=Carbamoyl-phosphate synthetase I; Short=CPSase I; Flags: Precursor",MTRILTAFKVVRTLKTGFGFTNVTAHQKWKFSRPGIRLLSVKAQTAHIVLEDGTKMKGYSFGHPSSVAGEVVFNTGLGGYPEAITDPAYKGQILTMANPIIGNGGAPDTTALDELGLSKYLESNGIKVSGLLVLDYSKDYNHWLATKSLGQWLQEEKVPAIYGVDTRMLTKIIRDKGTMLGKIEFEGQPVDFVDPNKQNLIAEVSTKDVKVYGKGNPTKVVAVDCGIKNNVIRLLVKRGAEVHLVPWNHDFTKMEYDGILIAGGPGNPALAEPLIQNVRKILESDRKEPLFGISTGNLITGLAAGAKTYKMSMANRGQNQPVLNITNKQAFITAQNHGYALDNTLPAGWKPLFVNVNDQTNEGIMHESKPFFAVQFHPEVTPGPIDTEYLFDSFFSLIKKGKATTITSVLPKPALVASRVEVSKVLILGSGGLSIGQAGEFDYSGSQAVKAMKEENVKTVLMNPNIASVQTNEVGLKQADTVYFLPITPQFVTEVIKAEQPDGLILGMGGQTALNCGVELFKRGVLKEYGVKVLGTSVESIMATEDRQLFSDKLNEINEKIAPSFAVESIEDALKAADTIGYPVMIRSAYALGGLGSGICPNRETLMDLSTKAFAMTNQILVEKSVTGWKEIEYEVVRDADDNCVTVCNMENVDAMGVHTGDSVVVAPAQTLSNAEFQMLRRTSINVVRHLGIVGECNIQFALHPTSMEYCIIEVNARLSRSSALASKATGYPLAFIAAKIALGIPLPEIKNVVSGKTSACFEPSLDYMVTKIPRWDLDRFHGTSSRIGSSMKSVGEVMAIGRTFEESFQKALRMCHPSIEGFTPRLPMNKEWPSNLDLRKELSEPSSTRIYAIAKAIDDNMSLDEIEKLTYIDKWFLYKMRDILNMEKTLKGLNSESMTEETLKRAKEIGFSDKQISKCLGLTEAQTRELRLKKNIHPWVKQIDTLAAEYPSVTNYLYVTYNGQEHDVNFDDHGMMVLGCGPYHIGSSVEFDWCAVSSIRTLRQLGKKTVVVNCNPETVSTDFDECDKLYFEELSLERILDIYHQEACGGCIISVGGQIPNNLAVPLYKNGVKIMGTSPLQIDRAEDRSIFSAVLDELKVAQAPWKAVNTLNEALEFAKSVDYPCLLRPSYVLSGSAMNVVFSEDEMKKFLEEATRVSQEHPVVLTKFVEGAREVEMDAVGKDGRVISHAISEHVEDAGVHSGDATLMLPTQTISQGAIEKVKDATRKIAKAFAISGPFNVQFLVKGNDVLVIECNLRASRSFPFVSKTLGVDFIDVATKVMIGENVDEKHLPTLDHPIIPADYVAIKAPMFSWPRLRDADPILRCEMASTGEVACFGEGIHTAFLKAMLSTGFKIPQKGILIGIQQSFRPRFLGVAEQLHNEGFKLFATEATSDWLNANNVPATPVAWPSQEGQNPSLSSIRKLIRDGSIDLVINLPNNNTKFVHDNYVIRRTAVDSGIPLLTNFQVTKLFAEAVQKSRKVDSKSLFHYRQYSAGKAA
56,40789249,">NP_060592.2 aspartate--tRNA ligase, mitochondrial isoform 1 [Homo sapiens]",MYFPSWLSQLYRGLSRPIRRTTQPIWGSLYRSLLQSSQRRIPEFSSFVVRTNTCGELRSSHLGQEVTLCGWIQYRRQNTFLVLRDFDGLVQVIIPQDESAASVKKILCEAPVESVVQVSGTVISRPAGQENPKMPTGEIEIKVKTAELLNACKKLPFEIKNFVKKTEALRLQYRYLDLRSFQMQYNLRLRSQMVMKMREYLCNLHGFVDIETPTLFKRTPGGAKEFLVPSREPGKFYSLPQSPQQFKQLLMVGGLDRYFQVARCYRDEGSRPDRQPEFTQIDIEMSFVDQTGIQSLIEGLLQYSWPNDKDPVVVPFPTMTFAEVLATYGTDKPDTRFGMKIIDISDVFRNTEIGFLQDALSKPHGTVKAICIPEGAKYLKRKDIESIRNFAADHFNQEILPVFLNANRNWNSPVANFIMESQRLELIRLMETQEEDVVLLTAGEHNKACSLLGKLRLECADLLETRGVVLRDPTLFSFLWVVDFPLFLPKEENPRELESAHHPFTAPHPSDIHLLYTEPKKARSQHYDLVLNGNEIGGGSIRIHNAELQRYILATLLKEDVKMLSHLLQALDYGAPPHGGIALGLDRLICLVTGSPSIRDVIAFPKSFRGHDLMSNTPDSVPPEELKPYHIRVSKPTDSKAERAH
57,40796138,>NP_955591.1 p80 RT [Moloney murine leukemia virus],LNIEDEHRLHETSKEPDVSLGSTWLSDFPQAWAETGGMGLAVRQAPLIIPLKATSTPVSIKQYPMSQEARLGIKPHIQRLLDQGILVPCQSPWNTPLLPVKKPGTNDYRPVQDLREVNKRVEDIHPTVPNPYNLLSGLPPSHQWYTVLDLKDAFFCLRLHPTSQPLFAFEWRDPEMGISGQLTWTRLPQGFKNSPTLFDEALHRDLADFRIQHPDLILLQYVDDLLLAATSELDCQQGTRALLQTLGNLGYRASAKKAQICQKQVKYLGYLLKEGQRWLTEARKETVMGQPTPKTPRQLREFLGTAGFCRLWIPGFAEMAAPLYPLTKTGTLFNWGPDQQKAYQEIKQALLTAPALGLPDLTKPFELFVDEKQGYAKGVLTQKLGPWRRPVAYLSKKLDPVAAGWPPCLRMVAAIAVLTKDAGKLTMGQPLVILAPHAVEALVKQPPDRWLSNARMTHYQALLLDTDRVQFGPVVALNPATLLPLPEEGLQHNCLDILAEAHGTRPDLTDQPLPDADHTWYTDGSSLLQEGQRKAGAAVTTETEVIWAKALPAGTSAQRAELIALTQALKMAEGKKLNVYTDSRYAFATAHIHGEIYRRRGLLTSEGKEIKNKDEILALLKALFLPKRLSIIHCPGHQKGHSAEARGNRMADQAARKAAITETPDTSTLLI
58,4416187,>AAD20243.1 xylose isomerase [Lactococcus lactis subsp. lactis],MAYFNDIAPIKYEGTKTKNMFAFRHYNPEEVVAGKTMEEQLHFALAFWHTITMDGSDPFGGATMERPWDLEGGSELDRAHRRVDAFFEIAEKLGVKYYCFHDIDIAPTGNSLKEFYANLDEITDHLLEKQKATGIKLLWNTANMFSNPRYMNGVSTSNRAEVFAYGAAQVKKGLELSKKLGGENYVFWGGREGYESLLNTDRGLEMDHMAKFFHLAIYYAKSINHLPIFLIEPKPKEPMTHQYDFDAATALAFLQKYDLDKYFKLNLETNHAWLVGHTFEHELNTARTFNALGSIDANQGNYLLGWDTDEFPTLVIDITLAMHQILLNGGLGKGGINFDAKVRRTSFKAEDLILAHIAGMDTYARALKGAAAIIEDKFLSDIVDERYTSYKNTEVGQSIENGTATFESLAAFALEHGDDIELDSNHLEYIKSVLNDYLV
59,4503061,>NP_001878.1 beta-crystallin B1 [Homo sapiens],MSQAAKASASATVAVNPGPDTKGKGAPPAGTSPSPGTTLAPTTVPITSAKAAELPPGNYRLVVFELENFQGRRAEFSGECSNLADRGFDRVRSIIVSAGPWVAFEQSNFRGEMFILEKGEYPRWNTWSSSYRSDRLMSFRPIKMDAQEHKISLFEGANFKGNTIEIQGDDAPSLWVYGFSDRVGSVKVSSGTWVGYQYPGYRGYQYLLEPGDFRHWNEWGAFQPQMQSLRRLRDKQWHLEGSFPVLATEPPK
60,4503895,>NP_000145.1 galactokinase [Homo sapiens],MAALRQPQVAELLAEARRAFREEFGAEPELAVSAPGRVNLIGEHTDYNQGLVLPMALELMTVLVGSPRKDGLVSLLTTSEGADEPQRLQFPLPTAQRSLEPGTPRWANYVKGVIQYYPAAPLPGFSAVVVSSVPLGGGLSSSASLEVATYTFLQQLCPDSGTIAARAQVCQQAEHSFAGMPCGIMDQFISLMGQKGHALLIDCRSLETSLVPLSDPKLAVLITNSNVRHSLASSEYPVRRRQCEEVARALGKESLREVQLEELEAARDLVSKEGFRRARHVVGEIRRTAQAAAALRRGDYRAFGRLMVESHRSLRDDYEVSCPELDQLVEAALAVPGVYGSRMTGGGFGGCTVTLLEASAAPHAMRHIQEHYGGTATFYLSQAADGAKVLCL
61,4557743,>NP_000234.1 pyrin isoform 1 [Homo sapiens],MAKTPSDHLLSTLEELVPYDFEKFKFKLQNTSVQKEHSRIPRSQIQRARPVKMATLLVTYYGEEYAVQLTLQVLRAINQRLLAEELHRAAIQEYSTQENGTDDSAASSSLGENKPRSLKTPDHPEGNEGNGPRPYGGGAASLRCSQPEAGRGLSRKPLSKRREKASEGLDAQGKPRTRSPALPGGRSPGPCRALEGGQAEVRLRRNASSAGRLQGLAGGAPGQKECRPFEVYLPSGKMRPRSLEVTISTGEKAPANPEILLTLEEKTAANLDSATEPRARPTPDGGASADLKEGPGNPEHSVTGRPPDTAASPRCHAQEGDPVDGTCVRDSCSFPEAVSGHPQASGSRSPGCPRCQDSHERKSPGSLSPQPLPQCKRHLKQVQLLFCEDHDEPICLICSLSQEHQGHRVRPIEEVALEHKKKIQKQLEHLKKLRKSGEEQRSYGEEKAVSFLKQTEALKQRVQRKLEQVYYFLEQQEHFFVASLEDVGQMVGQIRKAYDTRVSQDIALLDALIGELEAKECQSEWELLQDIGDILHRAKTVPVPEKWTTPQEIKQKIQLLHQKSEFVEKSTKYFSETLRSEMEMFNVPELIGAQAHAVNVILDAETAYPNLIFSDDLKSVRLGNKWERLPDGPQRFDSCIIVLGSPSFLSGRRYWEVEVGDKTAWILGACKTSISRKGNMTLSPENGYWVVIMMKENEYQASSVPPTRLLIKEPPKRVGIFVDYRVGSISFYNVTARSHIYTFASCSFSGPLQPIFSPGTRDGGKNTAPLTICPVGGQGPD
62,48255879,">NP_001001430.1 troponin T, cardiac muscle isoform 2 [Homo sapiens]",MSDIEEVVEEYEEEEQEEAAVEEQEEAAEEDAEAEAETEETRAEEDEEEEEAKEAEDGPMEESKPKPRSFMPNLVPPKIPDGERVDFDDIHRKRMEKDLNELQALIEAHFENRKKEEEELVSLKDRIERRRAERAEQQRIRNEREKERQNRLAEERARREEEENRRKAEDEARKKKALSNMMHFGGYIQKQAQTERKSGKRQTEREKKKKILAERRKVLAIDHLNEDQLREKAKELWQSIYNLEAEKFDLQEKFKQQKYEINVLRNRINDNQKVSKTRGKAKVTGRWK
63,55584716,>AAV53595.1 D-carbamylase [Ensifer adhaerens],MTRQMILAVGQQGPIARAETREQVVVRLLYMLTKAASRGANFIVFPELAFTTFFPRWHFTDEAELDSFYETEMPGPVVRPLFEKAAELGIGFNLGYAELVVEGGVKRRFNTSILVDKPGKIVGKYRKIHLPGHKEYEAYRPFQHLEKRYFEPGDLGFPVYDVDAAKMGMFICNDRRWPEAWRVMGLRGAEIICGGYNTPTHNPPVPQHDHLTSFHHLLSMQAGSYQNGAWSAAAGKVGMEENCMLLGHSCIVAPTGEIVALTTTLEDEVITAAVCLDRCRELREHIFNFKQHRQPQHYGLIAEL
64,56553619,">pdb|1Q31|B Chain B, Nuclear Inclusion Protein A",GESLFKGPRDYNPISSTICHLTNESDGHTTSLYGIGFGPFIITNKHLFRRNNGTLLVQSLHGVFKVKNTTTLQQHLIDGRDMIIIRMPKDFPPFPQKLKFREPQREERICLVTTNFQTKSMSSMVSDTSCTFPSSDGIFWKHWIQTKDGQAGSPLVSTRDGFIVGIHSASNFTNTNNYFTSVPKNFMELLTNQEAQQWVSGWRLNADSVLWGGHKVFMSKPEEPFQPVKEATQLMNELVYSQ
65,6010775,>AAF01249.1 11-beta-hydroxysteroid dehydrogenase type 1 [Cavia porcellus],MAFLKKYLLTILMVFLAYYYYPANEKFRPEMLQGKKVIVTGASKGIGREIAYHLAKMGAHVVVTARSKEALQKVVARCLELGAASAHYIAGSMEDMTFAEEFAAEAGNLMGGLDMLILNHVLYNRLTFFHGEIDNVRKSMEVNFHSFVVLSVAAMPMLMQSQGSIAVVSSVAGKITYPLIAPYSASKFALDGFFSTLRSEFLVNKVNVSITLCILGLIDTETAIKATSGIYLGPASPKEECALEIIKGTALRQDEMYYVGSRWVPYLLGNPGRKIMEFLSAAEYNWDNVLSNEKLYGRWA
66,6094447,>sp|P55072.4|TERA_HUMAN RecName: Full=Transitional endoplasmic reticulum ATPase; Short=TER ATPase; AltName: Full=15S Mg(2+)-ATPase p97 subunit; AltName: Full=Valosin-containing protein; Short=VCP,MASGADSKGDDLSTAILKQKNRPNRLIVDEAINEDNSVVSLSQPKMDELQLFRGDTVLLKGKKRREAVCIVLSDDTCSDEKIRMNRVVRNNLRVRLGDVISIQPCPDVKYGKRIHVLPIDDTVEGITGNLFEVYLKPYFLEAYRPIRKGDIFLVRGGMRAVEFKVVETDPSPYCIVAPDTVIHCEGEPIKREDEEESLNEVGYDDIGGCRKQLAQIKEMVELPLRHPALFKAIGVKPPRGILLYGPPGTGKTLIARAVANETGAFFFLINGPEIMSKLAGESESNLRKAFEEAEKNAPAIIFIDELDAIAPKREKTHGEVERRIVSQLLTLMDGLKQRAHVIVMAATNRPNSIDPALRRFGRFDREVDIGIPDATGRLEILQIHTKNMKLADDVDLEQVANETHGHVGADLAALCSEAALQAIRKKMDLIDLEDETIDAEVMNSLAVTMDDFRWALSQSNPSALRETVVEVPQVTWEDIGGLEDVKRELQELVQYPVEHPDKFLKFGMTPSKGVLFYGPPGCGKTLLAKAIANECQANFISIKGPELLTMWFGESEANVREIFDKARQAAPCVLFFDELDSIAKARGGNIGDGGGAADRVINQILTEMDGMSTKKNVFIIGATNRPDIIDPAILRPGRLDQLIYIPLPDEKSRVAILKANLRKSPVAKDVDLEFLAKMTNGFSGADLTEICQRACKLAIRESIESEIRRERERQTNPSAMEVEEDDPVPEIRRDHFEEAMRFARRSVSDNDIRKYEMFAQTLQQSRGFGSFRFPSGNQGGAGPSQGSGGGTGGSVYTEDNDDDLYG
67,61250073,>sp|P69544.1|G5P_BPM13 RecName: Full=DNA-Binding protein G5P; Short=G5P; AltName: Full=Single-stranded DNA-binding protein,MIKVEIKPSQAQFTTRSGVSRQGKPYSLNEQLCYVDLGNEYPVLVKITLDEGQPAYAPGLYTVHLSSFKVGQFGSLMIDRLRLVPAK
68,633678,">CAA58475.1 ADP-glucose pyrophosphorylase, partial [Spinacia oleracea]",NSQTCLDPEASRSVLGIILGGGAGTRLYPLTKKRAKPAVPLGANYRLIDIPVSNCLNSNISKIYVLTQFNSASLNRHLSRAYASNLGGYKNEGFVEVLAAQQSPENPDWFQGTADAVRQYLWLFEEHNVMEFLILAGDHLYRMDYERFIQAHRETDADITVAALPMDEKRATAFGLMKIDEEGRIIEFAEKPKGEQLQAMKVDTTILGLDDERAKEMPYIASMGIYVISKDVMLNLLRDKFPGANDFGSEVIPGATSIGLTVQAYLYDGYWEDIGTIEAFYNANLGITKKPVPDFSFYDRSSPIYTQPRYLPPSKMLDADITDSVIGEGCVIKNCKIHHSVIGLRSCISEGAIIEDTLLMGADYYETDADRKLLAAKGSVVLGIGQNSHIKRAIIDKNARIGDNVKIINSDNVQEAARETDGYFIKSGIVTVIKDALIPSGTVI
69,67471959,>sp|P0A7E9.2|PYRH_ECOLI RecName: Full=Uridylate kinase; Short=UK; AltName: Full=Uridine monophosphate kinase; Short=UMP kinase; Short=UMPK,MATNAKPVYKRILLKLSGEALQGTEGFGIDASILDRMAQEIKELVELGIQVGVVIGGGNLFRGAGLAKAGMNRVVGDHMGMLATVMNGLAMRDALHRAYVNARLMSAIPLNGVCDSYSWAEAISLLRNNRVVILSAGTGNPFFTTDSAACLRGIEIEADVVLKATKVDGVFTADPAKDPTATMYEQLTYSEVLEKELKVMDLAAFTLARDHKLPIRVFNMNKPGALRRVVMGEKEGTLITE
70,730948,>sp|P35625.2|TIMP3_HUMAN RecName: Full=Metalloproteinase inhibitor 3; AltName: Full=Protein MIG-5; AltName: Full=Tissue inhibitor of metalloproteinases 3; Short=TIMP-3; Flags: Precursor,MTPWLGLIVLLGSWSLGDWGAEACTCSPSHPQDAFCNSDIVIRAKVVGKKLVKEGPFGTLVYTIKQMKMYRGFTKMPHVQYIHTEASESLCGLKLEVNKYQYLLTGRVYDGKMYTGLCNFVERWDQLTLSQRKGLNYRYHLGCNCKIKSCYYLPCFVTSKNECLWTDMLSNFGYPGYQSKHYACIRQKGGYCSWYRGWAPPDKSIINATDP
71,7949031,>NP_000758.1 cytochrome P450 2B6 precursor [Homo sapiens],MELSVLLFLALLTGLLLLLVQRHPNTHDRLPPGPRPLPLLGNLLQMDRRGLLKSFLRFREKYGDVFTVHLGPRPVVMLCGVEAIREALVDKAEAFSGRGKIAMVDPFFRGYGVIFANGNRWKVLRRFSVTTMRDFGMGKRSVEERIQEEAQCLIEELRKSKGALMDPTFLFQSITANIICSIVFGKRFHYQDQEFLKMLNLFYQTFSLISSVFGQLFELFSGFLKYFPGAHRQVYKNLQEINAYIGHSVEKHRETLDPSAPKDLIDTYLLHMEKEKSNAHSEFSHQNLNLNTLSLFFAGTETTSTTLRYGFLLMLKYPHVAERVYREIEQVIGPHRPPELHDRAKMPYTEAVIYEIQRFSDLLPMGVPHIVTQHTSFRGYIIPKDTEVFLILSTALHDPHYFEKPDAFNPDHFLDANGALKKTEAFIPFSLGKRICLGEGIARAELFLFFTTILQNFSMASPVAPEDIDLTPQECGVGKIPPTYQIRFLPR
72,82407494,">pdb|1XWW|A Chain A, Low Molecular Weight Phosphotyrosine Protein Phosphatase",AEQATKSVLFVCLGNICRSPIAEAVFRKLVTDQNISENWVIDSGAVSDWNVGRSPDPRAVSCLRNHGIHTAHKARQITKEDFATFDYILCMDESNLRDLNRKSNQVKTCKAKIELLGSYDPQKQLIIEDPYYGNDSDFETVYQQCVRCCRAFLEKAH
73,8248030,>AAF74023.1 aryl-hydrocarbon interacting protein-like-1 [Homo sapiens],MDAALLLNVEGVKKTILHGGTGELPNFITGSRVIFHFRTMKCDEERTVIDDSRQVGQPMHIIIGNMFKLEVWEILLTSMRVHEVAEFWCDTIHTGVYPILSRSLRQMAQGKDPTEWHVHTCGLANMFAYHTLGYEDLDELQKEPQPLVFVIELLQVDAPSDYQRETWNLSNHEKMKAVPVLHGEGNRLFKLGRYEEASSKYQEAIICLRNLQTKEKPWEVQWLKLEKMINTLILNYCQCLLKKEEYYEVLEHTSDILRHHPGIVKAYYVRARAHAEVWNEAEAKADLQKVLELEPSMQKAVRRELRLLENRMAEKQEEERLXCRNMLSQGATQPPAEPPTEPPAQSSTEPPAEPPTAPSAELSAGPPAEPATEPPPSPGHSLQH
74,82581658,>sp|P0C0P0.1|DYR_STAEP RecName: Full=Dihydrofolate reductase; Short=DHFR,MTLSIIVAHDKQRVIGYQNQLPWHLPNDLKHVKQLTTGNTLVMGRKTFNSIGKPLPNRRNVVLTNQASFHHEGVDVINSLDEIKELSGHVFIFGGQTLFEAMIDQVDDMYITVIDGKFQGDTFFPPYTFENWEVESSVEGQLDEKNTIPHTFLHLVRRKGK
75,83754916,">pdb|2D26|A Chain A, Active Site Distortion Is Sufficient For Proteinase Inhibit Second Crystal Structure Of Covalent Serpin-Proteinase Complex",MDPQGDAAQKTDTSHHDQDHPTFNKITPNLAEFAFSLYRQLAHQSNSTNILFSPVSIAAAFAMLSLGAKGDTHDEILEGLNFNLTEIPEAQIHEGFQELLHTLNQPDSQLQLTTGNGLFLSEGLKLVDKFLEDVKKLYHSEAFTVNFGDTEEAKKQINDYVEKGTQGKIVDLVKELDRDTVFALVNYIFFKGKWERPFEVKDTEEEDFHVDQVTTVKVPMMKRLGMFNIQHSKKLSSWVLLMKYLGNATAIFFLPDEGKLQHLENELTHDIITKFLENEDRRSASLHLPKLSITGTYDLKSVLGQLGITKVFSNGADLSGVTEEAPLKLSKAVHKAVLTIDEKGTEAAGAMFLEAIPM
76,90101442,>sp|Q8WWY3.2|PRP31_HUMAN RecName: Full=U4/U6 small nuclear ribonucleoprotein Prp31; AltName: Full=Pre-mRNA-processing factor 31; AltName: Full=Serologically defined breast cancer antigen NY-BR-99; AltName: Full=U4/U6 snRNP 61 kDa protein; Short=Protein 61K; Short=hPrp31,MSLADELLADLEEAAEEEEGGSYGEEEEEPAIEDVQEETQLDLSGDSVKTIAKLWDSKMFAEIMMKIEEYISKQAKASEVMGPVEAAPEYRVIVDANNLTVEIENELNIIHKFIRDKYSKRFPELESLVPNALDYIRTVKELGNSLDKCKNNENLQQILTNATIMVVSVTASTTQGQQLSEEELERLEEACDMALELNASKHRIYEYVESRMSFIAPNLSIIIGASTAAKIMGVAGGLTNLSKMPACNIMLLGAQRKTLSGFSSTSVLPHTGYIYHSDIVQSLPPDLRRKAARLVAAKCTLAARVDSFHESTEGKVGYELKDEIERKFDKWQEPPPVKQVKPLPAPLDGQRKKRGGRRYRKMKERLGLTEIRKQANRMSFGEIEEDAYQEDLGFSLGHLGKSGSGRVRQTQVNEATKARISKTLQRTLQKQSVVYGGKSTIRDRSSGTASSVAFTPLQGLEIVNPQAAEKKVAEANQKYFSSMAEFLKVKGEKSGLMST
